"Id";"Designator";"Footprint";"Quantity";"Designation";"Supplier and ref";
1;"C1, C2";"C_0402_1005Metric";2;"22nF";;;
2;"C5, C6, C7, C8";"C_0402_1005Metric";4;"2.2nF";;;
3;"C13, C15, C16, C22, C26";"C_0603_1608Metric";5;"10uF";;;
4;"C14, C30, C34";"C_0603_1608Metric";3;"1uF";;;
5;"C17";"C_0402_1005Metric";1;"22uF";;;
6;"C18, C20, C21, C24, C32, C42, C60, C61, C62";"C_0402_1005Metric";9;"1uF";;;
7;"C19, C23, C27, C29, C31";"C_0402_1005Metric";5;"0.1uF";;;
8;"C25";"C_0603_1608Metric";1;"0.1uF";;;
9;"C28";"C_0603_1608Metric";1;"3.3nF";;;
10;"C33";"C_0402_1005Metric";1;"1.5nF";;;
11;"C35";"C_0603_1608Metric_Pad1.08x0.95mm_HandSolder";1;"22uF";;;
12;"C36";"C_0402_1005Metric";1;"4.7uF";;;
13;"C37, C38, C39, C40, C41, C43, C44, C45, C47, C48, C49, C52, C54, C55, C56, C57, C58, C59, C63";"C_0402_1005Metric";19;"100nF";;;
14;"C46, C50";"C_0402_1005Metric";2;"8pF";;;
15;"C51, C53";"C_0402_1005Metric";2;"2.2uF";;;
16;"C64";"C_0805_2012Metric";1;"47uF";;;
17;"D1, D2, D3, D4";"SOT-23";4;"BAV99";;;
18;"D9, D10";"LED_0603_1608Metric";2;"LED";;;
19;"F1";"Fuse_0603_1608Metric";1;"Fuse";;;
20;"J1, J2";"Jack_3.5mm_PJ320D_Horizontal";2;"AudioJack4";;;
21;"J5";"USB_C_Receptacle_GCT_USB4105-xx-A_16P_TopMnt_Horizontal";1;"USB_C_Receptacle_USB2.0_16P";;;
22;"J6";"JST_PH_S2B-PH-K_1x02_P2.00mm_Horizontal";1;"Conn_01x02_Pin";;;
23;"J9, J10";"PinHeader_2x05_P1.27mm_Vertical";2;"Conn_ARM_JTAG_SWD_10";;;
24;"L1";"L_0603_1608Metric";1;"2.2uH";;;
25;"R1, R2";"R_0603_1608Metric";2;"10k";;;
26;"R5";"R_0402_1005Metric";1;"30k";;;
27;"R6, R7, R8, R9";"R_0402_1005Metric";4;"4.7k";;;
28;"R14, R15, R23";"R_0402_1005Metric";3;"1M";;;
29;"R16";"R_0402_1005Metric";1;"1.13k";;;
30;"R17";"R_0402_1005Metric";1;"3.6k";;;
31;"R18, R19";"R_0402_1005Metric";2;"5.1k";;;
32;"R20, R21";"R_0402_1005Metric";2;"1k";;;
33;"R22, R24, R25, R29, R30, R31, R32, R33";"R_0402_1005Metric";8;"10k";;;
34;"R26, R28";"R_0603_1608Metric";2;"100k";;;
35;"R27";"R_0603_1608Metric";1;"316k";;;
36;"R34";"R_0402_1005Metric";1;"51k";;;
37;"R35";"R_0402_1005Metric";1;"100k";;;
38;"U1";"VQFN-16-1EP_3x3mm_P0.5mm_EP1.6x1.6mm";1;"BQ24074RGT";;;
39;"U2";"TQFP-64_10x10mm_P0.5mm";1;"ADS1298xPAG";;;
40;"U3";"VQFN-16-1EP_3x3mm_P0.5mm_EP1.68x1.68mm_ThermalVias";1;"TPS62130A";;;
41;"U4";"SOT-23-5";1;"TPS7A20xxxDBV";;;
42;"U5";"PQFN50P300X250X97-14N";1;"ICM-42688-P";;;
43;"U6";"LQFP-144_20x20mm_P0.5mm";1;"STM32F767ZITx";;;
44;"U7";"WT02C40C";1;"WT02C40C";;;
45;"Y1";"Crystal_SMD_3225-4Pin_3.2x2.5mm";1;"8MHz";;;
